time,a,b
0.0,100.0,0.0
0.06697791039015766,99.0,1.0
0.07210976009465941,98.0,2.0
0.26974590005259286,97.0,3.0
0.27518053308982315,96.0,4.0
0.39656516382503526,95.0,5.0
0.4870506007302298,94.0,6.0
0.5071677683181969,93.0,7.0
0.6032487742796688,92.0,8.0
0.6683113855243407,91.0,9.0
1.062973144739706,90.0,10.0
1.0944185740752679,89.0,11.0
1.1640399642825845,88.0,12.0
1.2901167751320277,87.0,13.0
1.3174401426235842,86.0,14.0
1.456205221594141,85.0,15.0
1.5492363584511044,84.0,16.0
1.7884749720165032,83.0,17.0
1.8979374289969304,82.0,18.0
2.0921214833663013,81.0,19.0
2.2573332776776187,80.0,20.0
2.293232772733864,79.0,21.0
2.4541830120259855,78.0,22.0
2.5469025894405677,77.0,23.0
2.549428660273893,76.0,24.0
2.5545730338747017,75.0,25.0
2.597489487604487,74.0,26.0
2.6804512121575956,73.0,27.0
2.8563595155995696,72.0,28.0
3.1103198891345127,71.0,29.0
3.1146207488574404,70.0,30.0
3.2091229780867128,69.0,31.0
3.521488814703225,68.0,32.0
3.5909627771400494,67.0,33.0
3.6286826046101948,66.0,34.0
3.702831840668082,65.0,35.0
3.716112334299679,64.0,36.0
4.220660156037108,63.0,37.0
4.321857551064348,62.0,38.0
4.447337158410037,61.0,39.0
4.902254921800265,60.0,40.0
4.976290586589347,59.0,41.0
5.003311986538296,58.0,42.0
5.0934258397277885,57.0,43.0
5.329688808007944,56.0,44.0
5.360848530058647,55.0,45.0
5.483454622735906,54.0,46.0
5.607825578226911,53.0,47.0
5.661344433984747,52.0,48.0
6.0288578819183805,51.0,49.0
6.067859109948661,50.0,50.0
6.1440271980007095,49.0,51.0
6.1928851285221205,48.0,52.0
6.537106078076121,47.0,53.0
6.583955590399521,46.0,54.0
6.943474577244705,45.0,55.0
7.500476100629312,44.0,56.0
7.536018913873195,43.0,57.0
7.570747184779377,42.0,58.0
7.602122482914164,41.0,59.0
7.785285308337687,40.0,60.0
8.108897955189226,39.0,61.0
9.37782412408473,38.0,62.0
9.492926207967281,37.0,63.0
9.581745108272829,36.0,64.0
9.631645688820946,35.0,65.0
9.993440414024926,34.0,66.0
10.445235424129448,33.0,67.0
10.580790686969836,32.0,68.0
10.648554714524604,31.0,69.0
10.660491959969336,30.0,70.0
11.291701034040905,29.0,71.0
11.543208145270858,28.0,72.0
11.582939960813295,27.0,73.0
11.901848321814812,26.0,74.0
12.105108729887387,25.0,75.0
13.58889382761495,24.0,76.0
13.753613345822608,23.0,77.0
13.790297141809942,22.0,78.0
13.876734330897312,21.0,79.0
13.934629537904272,20.0,80.0
14.14211810467557,19.0,81.0
14.881194658998517,18.0,82.0
15.027468323814844,17.0,83.0
15.940823862305534,16.0,84.0
16.056320619286964,15.0,85.0
17.902392636464185,14.0,86.0
18.039378906769905,13.0,87.0
19.427687011891038,12.0,88.0
20.244718127859606,11.0,89.0
21.289881600055,10.0,90.0
21.659009424140706,9.0,91.0
23.573191735216028,8.0,92.0
24.73030973843518,7.0,93.0
32.08126086887197,6.0,94.0
34.31046810063478,5.0,95.0
36.03981621260732,4.0,96.0
41.65246499010582,3.0,97.0
43.1759056880837,2.0,98.0
48.008246434996465,1.0,99.0
50.0,1.0,99.0
