domain,problem_size,mean_time_s,std_time_s,raw_times_s
michaelis_menten,small,0.023129277666666653,0.001122055737885299,"[0.02201487499999999, 0.02425883299999998, 0.023114124999999985]"
competitive_inhibition,small,0.04105965299999995,0.010132159710822564,"[0.02970583299999996, 0.044291416999999944, 0.04918170899999996]"
sir,small,0.032321485999999844,0.006818641542647263,"[0.03871449999999976, 0.03310504199999986, 0.025144915999999906]"
seir,small,0.023725999999999914,0.0010832692010245284,"[0.022721333000000232, 0.02358299999999991, 0.0248736669999996]"
gillespie_ssa,small,0.00010669433333336069,5.287891482658962e-06,"[0.0001084580000001445, 0.00011087499999984374, 0.00010075000000009382]"
gillespie_ssa_bimolecular,small,0.00010080533333326851,4.9284454274399276e-06,"[9.541600000018136e-05, 0.00010508299999978377, 0.00010191699999984039]"
gillespie_ssa_replicates,small,0.0017683469999999109,0.00011547824737162307,"[0.001735582999999874, 0.0016727909999998403, 0.0018966670000000185]"
monte_carlo_pi,small,0.00030638866666654607,7.719315017196422e-06,"[0.00031433299999994446, 0.0003059169999999334, 0.0002989159999997604]"
molecular_dynamics,small,0.014293249999999999,0.0012517979319761332,"[0.01385499999999995, 0.01331950000000015, 0.015705249999999893]"
pcr,small,7.180666666606328e-06,1.7333878201451475e-07,"[7.375000000031662e-06, 7.124999999774673e-06, 7.042000000012649e-06]"
wright_fisher,small,0.0038986529999999555,0.0003065635219510458,"[0.003874582999999987, 0.00421654199999999, 0.00360483399999989]"
michaelis_menten,medium,0.045010708333333316,0.017082717242752603,"[0.06449212500000012, 0.03794862499999985, 0.03259137499999998]"
competitive_inhibition,medium,0.022966430666666593,0.0014961063676920915,"[0.023618499999999987, 0.02402583399999969, 0.0212549580000001]"
sir,medium,0.021943860666666797,0.00038802792594118374,"[0.022296290999999968, 0.021528041000000275, 0.022007250000000145]"
seir,medium,0.024506721999999925,0.0017962561869698235,"[0.02411541599999989, 0.022938374999999844, 0.026466375000000042]"
gillespie_ssa,medium,0.0014410140000000737,0.00022916625097951142,"[0.001701042000000097, 0.0012685000000001168, 0.0013535000000000075]"
gillespie_ssa_bimolecular,medium,0.0011049583333330542,6.778596257589658e-05,"[0.001046916999999592, 0.0010884999999998257, 0.0011794579999997445]"
gillespie_ssa_replicates,medium,0.10045729133333332,0.013284718586348457,"[0.09153741599999998, 0.11572512499999998, 0.09410933300000002]"
monte_carlo_pi,medium,0.0024223613333334746,0.00014386353064386448,"[0.002549042000000057, 0.0024520840000001876, 0.002265958000000179]"
molecular_dynamics,medium,0.6052931250000005,0.14292699165740158,"[0.6028978340000002, 0.7494027080000008, 0.4635788330000006]"
pcr,medium,9.138333333306528e-06,1.6821513958418012e-07,"[9.290999999578275e-06, 9.16599999989387e-06, 8.958000000447441e-06]"
wright_fisher,medium,0.006441916999999779,0.0003149038141067647,"[0.006170292000000188, 0.0063683749999992045, 0.006787083999999943]"
michaelis_menten,large,0.021723596999999966,0.0009008701580229847,"[0.022432417000000093, 0.020709832999999733, 0.022028541000000068]"
competitive_inhibition,large,0.02403575000000006,0.0003292888791276516,"[0.02418083400000004, 0.023658832999999824, 0.024267583000000315]"
sir,large,0.025109819666666883,0.0010213497939299348,"[0.026250250000000364, 0.02427937499999988, 0.02479983400000041]"
seir,large,0.027991972333333653,0.0018025404786191613,"[0.028857042000000277, 0.029198917000000435, 0.025919958000000243]"
gillespie_ssa,large,0.017708749666666357,0.0009798462835936264,"[0.018759624999999502, 0.017546416000000065, 0.016820207999999504]"
gillespie_ssa_bimolecular,large,0.019484611000000502,0.0005969797268020244,"[0.018900583000000637, 0.02009375000000002, 0.01945950000000085]"
gillespie_ssa_replicates,large,2.014395166666667,0.3339423100709796,"[2.399276208, 1.801524167000002, 1.8423851249999998]"
monte_carlo_pi,large,0.016684333333331598,0.00012254247517626832,"[0.01682462499999815, 0.016598207999997783, 0.016630166999998863]"
molecular_dynamics,large,8.426939431,0.5060915558777631,"[8.706225416999999, 8.731850334, 7.842742541999996]"
pcr,large,1.2972333334933714e-05,3.595974624130129e-07,"[1.3292000005549198e-05, 1.304199999907496e-05, 1.258300000017698e-05]"
wright_fisher,large,0.022093986000001564,0.0030523855002234654,"[0.020172416000001192, 0.020495917000005193, 0.025613624999998308]"
